{
  "overall_accuracy": 0.8720252757845133,
  "miou": 0.5569070596319645,
  "per_class_iou": {
    "Unclassified": 0.646716073953805,
    "Ground": 0.8093777761551848,
    "Road_markings": 0.0,
    "Natural": 0.8306861943787875,
    "Building": 0.8754801771456069,
    "Utility_line": 0.539155749636099,
    "Pole": 0.17674677210106876,
    "Car": 0.6816288409451761,
    "Fence": 0.4523719523719524
  }
}